question,answer,source
<@U0SBPJ484> 別スレッドでも話しましたが、「マーケから商談作成の業務フロー」「組織ごとのSalesforce環境の選択」「商談フェーズ」「帳票レイアウト」「管理用項目」「データ移行方針」等の現在案と論点が見えづらくなっているので、蒲原さん＋BPRチームで可視化をお願いできますか？ 日々会話が進むと思うので、週次程度の頻度で最新案（未決定部分含む）と論点をこのチャネル上で共有するなどして、関係者全員の認識が揃える構造にしてもらいたく。,<@U0SBPJ484> 別スレッドでも話しましたが、「マーケから商談作成の業務フロー」「組織ごとのSalesforce環境の選択」「商談フェーズ」「帳票レイアウト」「管理用項目」「データ移行方針」等の現在案と論点が見えづらくなっているので、蒲原さん＋BPRチームで可視化をお願いできますか？ 日々会話が進むと思うので、週次程度の頻度で最新案（未決定部分含む）と論点をこのチャネル上で共有するなどして、関係者全員の認識が揃える構造にしてもらいたく。,Slack #pj-speeda-ops-and-system
<@U0SBPJ484> すでに確認しているかもしれませんが、こちら、竜さんに共有してもらったSPEEDA JP-R&amp;D間でのリード振り分けのルールです。竜さんも言っていましたが、SPEEDAではもともとJPとR&amp;Dが一体だったところから切り分けを経験しているので、SaaS事業内でも組織・事業を跨いだリードアサインルールの整備が進んでいると思うので、参考にしてもらえればと。 <https://docs.google.com/presentation/d/1zpyiJZioeSyv9jJ8nhJNQZRkdO_X5AgW2bihijkEflg/edit#slide=id.p|https://docs.google.com/presentation/d/1zpyiJZioeSyv9jJ8nhJNQZRkdO_X5AgW2bihijkEflg/edit#slide=id.p>,<@U0SBPJ484> すでに確認しているかもしれませんが、こちら、竜さんに共有してもらったSPEEDA JP-R&amp;D間でのリード振り分けのルールです。竜さんも言っていましたが、SPEEDAではもともとJPとR&amp;Dが一体だったところから切り分けを経験しているので、SaaS事業内でも組織・事業を跨いだリードアサインルールの整備が進んでいると思うので、参考にしてもらえればと。 <https://docs.google.com/presentation/d/1zpyiJZioeSyv9jJ8nhJNQZRkdO_X5AgW2bihijkEflg/edit#slide=id.p|https://docs.google.com/presentation/d/1zpyiJZioeSyv9jJ8nhJNQZRkdO_X5AgW2bihijkEflg/edit#slide=id.p>,Slack #pj-speeda-ops-and-system
<@U0SBPJ484> <@U029EUZTRGU> <@U7CKZ19BQ> 先ほどの商談を立てるタイミング・既存顧客管理・Salesforce環境選択ですが、意思決定構造に従うと「武藤/吉野（起案）・海野（経企・商社）・岡崎（組織横断）・張替（最終意思決定）」がいれば最低限良さそう。CSで傑さんに入ってもらうかどうかは海野さんに決めてもらいましょうか。,<@U0SBPJ484> <@U029EUZTRGU> <@U7CKZ19BQ> 先ほどの商談を立てるタイミング・既存顧客管理・Salesforce環境選択ですが、意思決定構造に従うと「武藤/吉野（起案）・海野（経企・商社）・岡崎（組織横断）・張替（最終意思決定）」がいれば最低限良さそう。CSで傑さんに入ってもらうかどうかは海野さんに決めてもらいましょうか。,Slack #pj-speeda-ops-and-system
<@U029EUZTRGU> <@U0SBPJ484> 海野さんから、「ISが過去商談を参照するときに環境を跨ぐと非効率性が非常に大きい」という話がありましたが、「ISが過去商談を参照するとき」のAsIsの業務プロセス図ってありますか？以下に見当たらず <https://www.figma.com/file/GG3ewFZ70pmIr9J9pMqCTn/%E3%82%B9%E3%82%B1%E3%83%BC%E3%83%AB%E3%81%A7%E3%81%8D%E3%82%8B%E7%B5%84%E7%B9%94-%E8%87%AA%E7%94%B1%E5%B8%B3?type=whiteboard&node-id=0-1&t=eGO9cnTumXzyaxzA-0|https://www.figma.com/file/GG3ewFZ70pmIr9J9pMqCTn/%E3%82%B9%E3%82%B1%E3%83%BC%E3%83[…]4%B1%E5%B8%B3?type=whiteboard&node-id=0-1&t=eGO9cnTumXzyaxzA-0>,<@U029EUZTRGU> <@U0SBPJ484> 海野さんから、「ISが過去商談を参照するときに環境を跨ぐと非効率性が非常に大きい」という話がありましたが、「ISが過去商談を参照するとき」のAsIsの業務プロセス図ってありますか？以下に見当たらず <https://www.figma.com/file/GG3ewFZ70pmIr9J9pMqCTn/%E3%82%B9%E3%82%B1%E3%83%BC%E3%83%AB%E3%81%A7%E3%81%8D%E3%82%8B%E7%B5%84%E7%B9%94-%E8%87%AA%E7%94%B1%E5%B8%B3?type=whiteboard&node-id=0-1&t=eGO9cnTumXzyaxzA-0|https://www.figma.com/file/GG3ewFZ70pmIr9J9pMqCTn/%E3%82%B9%E3%82%B1%E3%83%BC%E3%83[…]4%B1%E5%B8%B3?type=whiteboard&node-id=0-1&t=eGO9cnTumXzyaxzA-0>,Slack #pj-speeda-ops-and-system
<@U7CKZ19BQ> 商談が環境を跨ぐとSOの工数が非常にかかって大変（追加で3-4人必要）という話がありましたが、それが発生するのってどのポイントでしょうか？この「商談情報を更新する」の部分？ <https://www.figma.com/file/GG3ewFZ70pmIr9J9pMqCTn/%E3%82%B9%E3%82%B1%E3%83%BC%E3%83%AB%E3%81%A7%E3%81%8D%E3%82%8B%E7%B5%84%E7%B9%94-%E8%87%AA%E7%94%B1%E5%B8%B3?type=whiteboard&amp;node-id=930-3573&amp;t=eGO9cnTumXzyaxzA-4|https://www.figma.com/file/GG3ewFZ70pmIr9J9pMqCTn/%E3%82%B9%E3%82%B1%E3%83%BC%E3%83[…]E5%B8%B3?type=whiteboard&amp;node-id=930-3573&amp;t=eGO9cnTumXzyaxzA-4>,<@U7CKZ19BQ> 商談が環境を跨ぐとSOの工数が非常にかかって大変（追加で3-4人必要）という話がありましたが、それが発生するのってどのポイントでしょうか？この「商談情報を更新する」の部分？ <https://www.figma.com/file/GG3ewFZ70pmIr9J9pMqCTn/%E3%82%B9%E3%82%B1%E3%83%BC%E3%83%AB%E3%81%A7%E3%81%8D%E3%82%8B%E7%B5%84%E7%B9%94-%E8%87%AA%E7%94%B1%E5%B8%B3?type=whiteboard&amp;node-id=930-3573&amp;t=eGO9cnTumXzyaxzA-4|https://www.figma.com/file/GG3ewFZ70pmIr9J9pMqCTn/%E3%82%B9%E3%82%B1%E3%83%BC%E3%83[…]E5%B8%B3?type=whiteboard&amp;node-id=930-3573&amp;t=eGO9cnTumXzyaxzA-4>,Slack #pj-speeda-ops-and-system
<@U029EUZTRGU> 改めて全体的には案を比較すると、案２が最有力、案３が次点という風に見えますね。むしろ特大はあるけど全体への影響を考えると案3のほうが良さそうにも見える。「ダミーではないセット商品の登録」ってFullsandで検証できないんでしたっけ？ <https://docs.google.com/spreadsheets/d/1WbccE846NI6j2loN28pM4-25RWj-xkwy7zU0D5Rctl0/edit#gid=33307866>,<@U029EUZTRGU> 改めて全体的には案を比較すると、案２が最有力、案３が次点という風に見えますね。むしろ特大はあるけど全体への影響を考えると案3のほうが良さそうにも見える。「ダミーではないセット商品の登録」ってFullsandで検証できないんでしたっけ？ <https://docs.google.com/spreadsheets/d/1WbccE846NI6j2loN28pM4-25RWj-xkwy7zU0D5Rctl0/edit#gid=33307866>,Slack #pj-speeda-ops-and-system
<@U6WQARY8J> （cc: <@U0SBPJ484> <@UFV0JQ5N0> <@U7CKZ19BQ> ）SPEEDA-INITIAL同時販売の環境について、昨日のSaaS経営会議にて、今日明日でIS・FSへの工数影響を削減する案を作る方針になったのでご協力よろしくお願いします。  特に以下の3点については比較的単純な可視化・転記作業のように思うので、現場メンバー交えて具体的な対応策と工数削減見込みを立てられればと思います。検討は蒲原さん中心に進めてもらいます。  • 重複検索時に、他のリードが無いか、過去/現在の商談・契約が無いか、アプローチしてよいか？の確認をする際にSPIN SFの情報が必要となる【IS 333時間/月】 • SPINでリードから商談作成する場合、新SFでも商談作成が必要となる(重複作業)【FS 100時間/月】 • 初回商談時に獲得したZoomのユーザー情報からSPIN SFに取引先責任者をつくり、それを新SFにも登録する必要がある【FS 100時間/月】 また、仮に既存環境を使うことになった場合、来期のSalesOpsの経企・Pro対応用業務委託費用を1500万円ほど追加する必要があると見込んでいます。木曜に方針を決めてから、もし既存環境を使う場合にはこちら側で予算に組み込んでおきます（安田さんと連携しておきます）。,<@U6WQARY8J> （cc: <@U0SBPJ484> <@UFV0JQ5N0> <@U7CKZ19BQ> ）SPEEDA-INITIAL同時販売の環境について、昨日のSaaS経営会議にて、今日明日でIS・FSへの工数影響を削減する案を作る方針になったのでご協力よろしくお願いします。  特に以下の3点については比較的単純な可視化・転記作業のように思うので、現場メンバー交えて具体的な対応策と工数削減見込みを立てられればと思います。検討は蒲原さん中心に進めてもらいます。  • 重複検索時に、他のリードが無いか、過去/現在の商談・契約が無いか、アプローチしてよいか？の確認をする際にSPIN SFの情報が必要となる【IS 333時間/月】 • SPINでリードから商談作成する場合、新SFでも商談作成が必要となる(重複作業)【FS 100時間/月】 • 初回商談時に獲得したZoomのユーザー情報からSPIN SFに取引先責任者をつくり、それを新SFにも登録する必要がある【FS 100時間/月】 また、仮に既存環境を使うことになった場合、来期のSalesOpsの経企・Pro対応用業務委託費用を1500万円ほど追加する必要があると見込んでいます。木曜に方針を決めてから、もし既存環境を使う場合にはこちら側で予算に組み込んでおきます（安田さんと連携しておきます）。,Slack #pj-speeda-ops-and-system
<@U0128F6A6TX> 来期予算の話です。  今日の話を経て経理・FPAの工数を使ってSPEEDA-INITIAL同時販売を乗り切る可能性が出ていると思います。これが現時点では負担が少ない案だとは思いますが、それでも経理・FPAにとっては追加工数になると思います。  なので、この対応としてHD側で概算で業務委託費用月額50万円（年額600万円）を追加予算として申請しようと思いますが、違和感ありますか？ ※なんだかんだパターンが多くなったり変更管理が発生して、最低でもこれくらいはかかる気がしています。,<@U0128F6A6TX> 来期予算の話です。  今日の話を経て経理・FPAの工数を使ってSPEEDA-INITIAL同時販売を乗り切る可能性が出ていると思います。これが現時点では負担が少ない案だとは思いますが、それでも経理・FPAにとっては追加工数になると思います。  なので、この対応としてHD側で概算で業務委託費用月額50万円（年額600万円）を追加予算として申請しようと思いますが、違和感ありますか？ ※なんだかんだパターンが多くなったり変更管理が発生して、最低でもこれくらいはかかる気がしています。,Slack #pj-speeda-ops-and-system
<@U029EUZTRGU> <@U0SBPJ484> 明日の確認で大丈夫です。来Qの目標設定を始めているので、このタイミングで4QのスケールできるセールスシステムPJの振り返りを行いませんか？ BPR・SP・FS・ISあたりの主要な関係者で振り返りを実施できればと。,<@U029EUZTRGU> <@U0SBPJ484> 明日の確認で大丈夫です。来Qの目標設定を始めているので、このタイミングで4QのスケールできるセールスシステムPJの振り返りを行いませんか？ BPR・SP・FS・ISあたりの主要な関係者で振り返りを実施できればと。,Slack #pj-speeda-ops-and-system
<@U0SBPJ484> LEND用に新Salesforce環境をどのようにするか（特にデータ移行）って誰かと会話していますか？データ参照用にTableauを使用するかどうか等、UB Analyticsの工数にも影響してくるので、データアーキテクチャ面で最終形の目線を揃えたく。,<@U0SBPJ484> LEND用に新Salesforce環境をどのようにするか（特にデータ移行）って誰かと会話していますか？データ参照用にTableauを使用するかどうか等、UB Analyticsの工数にも影響してくるので、データアーキテクチャ面で最終形の目線を揃えたく。,Slack #pj-speeda-ops-and-system
<@U0SBPJ484> セールスシステムPJの振り返りですが、1月中旬ごろまでにやろうと話していたと思うんですが、予定が組まれていないようです。どこかでボール落ちてませんか？,<@U0SBPJ484> セールスシステムPJの振り返りですが、1月中旬ごろまでにやろうと話していたと思うんですが、予定が組まれていないようです。どこかでボール落ちてませんか？,Slack #pj-speeda-ops-and-system
<@U765ZV763> SaaS横断の顧問契約について主管部署の相談をしたくMTGさせてもらえますか。太田さん入れて30分程度。,<@U765ZV763> SaaS横断の顧問契約について主管部署の相談をしたくMTGさせてもらえますか。太田さん入れて30分程度。,Slack #pj-speeda-ops-and-system
<@U0SBPJ484> セールスシステムのプロジェクトですが、UB Analyticsから岡（出来れば張替も）を入れてもらえますか？UB Analytics側で開発を進める対象を特定して動き出したく。,<@U0SBPJ484> セールスシステムのプロジェクトですが、UB Analyticsから岡（出来れば張替も）を入れてもらえますか？UB Analytics側で開発を進める対象を特定して動き出したく。,Slack #pj-speeda-ops-and-system
<@U0SBPJ484> UB AnalyticsでChurn集計のダッシュボード構築は動き出したんですが、それ以外のデータ統合・集計・可視化等の優先順位ってどのようになっているでしょうか？おそらくまだ3月中に対応できるので、対応優先順位を決めたく。,<@U0SBPJ484> UB AnalyticsでChurn集計のダッシュボード構築は動き出したんですが、それ以外のデータ統合・集計・可視化等の優先順位ってどのようになっているでしょうか？おそらくまだ3月中に対応できるので、対応優先順位を決めたく。,Slack #pj-speeda-ops-and-system
<@U0SBPJ484> <@UK0L8S881> 先週質問したこちら、いかがでしょうか？,<@U0SBPJ484> <@UK0L8S881> 先週質問したこちら、いかがでしょうか？,Slack #pj-speeda-ops-and-system
<@U0SBPJ484> <@U029EUZTRGU> セールスシステムPJの1Qのアウトプットについてすり合わせさせてください。  1Qは業務プロセスの策定がゴールなので、<https://www.notion.so/uzabase/24-1-15-acc2b7c9dee04aa891dcf4d9ea1436b0|1月の新SPINリリース時に作成した業務プロセスのサマリ>を、SaaS Salesforceの本格リリース時点（10/1頃）にアップデートしたものがアウトプットになると思っていますが、認識合っていますか？そして4月から開発を開始する想定（もちろん多少の時期の前後はあり得ると思います）。,<@U0SBPJ484> <@U029EUZTRGU> セールスシステムPJの1Qのアウトプットについてすり合わせさせてください。  1Qは業務プロセスの策定がゴールなので、<https://www.notion.so/uzabase/24-1-15-acc2b7c9dee04aa891dcf4d9ea1436b0|1月の新SPINリリース時に作成した業務プロセスのサマリ>を、SaaS Salesforceの本格リリース時点（10/1頃）にアップデートしたものがアウトプットになると思っていますが、認識合っていますか？そして4月から開発を開始する想定（もちろん多少の時期の前後はあり得ると思います）。,Slack #pj-speeda-ops-and-system
<@U0SBPJ484> 毎週月曜に「スケールできるセールスシステム - 業務・システムWeekly」というミーティングにインバイトそれ続けているんですが、こちら、僕の参加は必要なのでしょうか？ 必要なら役割を教えてもらいたく、不要なら削除してもらえますか？,<@U0SBPJ484> 毎週月曜に「スケールできるセールスシステム - 業務・システムWeekly」というミーティングにインバイトそれ続けているんですが、こちら、僕の参加は必要なのでしょうか？ 必要なら役割を教えてもらいたく、不要なら削除してもらえますか？,Slack #pj-speeda-ops-and-system
<@U0SBPJ484> こちらの件って、まだ今週MTG組まれていないですよね？MTGの設定お願いできますか。  また、1/15と同じく<https://docs.google.com/spreadsheets/d/1W1xmlCcAAtK_EQimVHPgAUvBmCYP223b-yrNyshmmMw/edit#gid=0|意思決定構造>の意思決定者と合意出来ればと思いますが、太田さんから、1/15リリースに向けた<https://uzabase.slack.com/archives/C05MNQR7DPS/p1705036402577889|Slack上での投稿>では「意思決定者としての合意が求められているかわからなかった」とFBもらっているので、明確に合意するようにしましょう,<@U0SBPJ484> こちらの件って、まだ今週MTG組まれていないですよね？MTGの設定お願いできますか。  また、1/15と同じく<https://docs.google.com/spreadsheets/d/1W1xmlCcAAtK_EQimVHPgAUvBmCYP223b-yrNyshmmMw/edit#gid=0|意思決定構造>の意思決定者と合意出来ればと思いますが、太田さんから、1/15リリースに向けた<https://uzabase.slack.com/archives/C05MNQR7DPS/p1705036402577889|Slack上での投稿>では「意思決定者としての合意が求められているかわからなかった」とFBもらっているので、明確に合意するようにしましょう,Slack #pj-speeda-ops-and-system
<@U0SBPJ484> 商談所有者と商談所有者HRスクラムの「人」がイコールではないため、個人の数字（HR観点）と組織の数字（経営観点）がずれて、二重管理やスプシ・ダッシュボードの二重実装など困難が発生しているようです（ばんちゃんから聞きました）。この複雑な形はいろんなところに波及するリスクがあるように思うので対応してもらいたいんですが、誰が業務設計の担当者かわかりますか？連携してもらいたく。  例えばスクショのケースでは、LEND所属の上市さんが受注した商談ですが、LEND対象顧客ではないため、個人数値としては上市さんにつくが、組織としてはCFCDにつくので、チームリーダーの山下さんについているとのこと。ただ、この場合、以下の点が修正できるかと思います。 • そもそもLEND所属のメンバーがCFCD顧客の商談を管理していることがおかしい     ◦ 必要なら兼務するべき • 組織としてCFCDに着けたいのであればわざわざリーダーを介さず、組織情報としてCFCDを直接設定すればいい,<@U0SBPJ484> 商談所有者と商談所有者HRスクラムの「人」がイコールではないため、個人の数字（HR観点）と組織の数字（経営観点）がずれて、二重管理やスプシ・ダッシュボードの二重実装など困難が発生しているようです（ばんちゃんから聞きました）。この複雑な形はいろんなところに波及するリスクがあるように思うので対応してもらいたいんですが、誰が業務設計の担当者かわかりますか？連携してもらいたく。  例えばスクショのケースでは、LEND所属の上市さんが受注した商談ですが、LEND対象顧客ではないため、個人数値としては上市さんにつくが、組織としてはCFCDにつくので、チームリーダーの山下さんについているとのこと。ただ、この場合、以下の点が修正できるかと思います。 • そもそもLEND所属のメンバーがCFCD顧客の商談を管理していることがおかしい     ◦ 必要なら兼務するべき • 組織としてCFCDに着けたいのであればわざわざリーダーを介さず、組織情報としてCFCDを直接設定すればいい,Slack #pj-speeda-ops-and-system
<@U0SBPJ484> 業務プロセスのドキュメントについて、3月末時点何が決まってて、何が未済なのか分かりづらいので、未済部分を明確にしてもらえますか？  その上で関連する全意思決定者に展開して明確に合意してもらえればと。（昨日のような個別のMTGでは全体像や温度感がわからないので、テキストでもミーティングでもいいので、全員集めて合意してほしい）,<@U0SBPJ484> 業務プロセスのドキュメントについて、3月末時点何が決まってて、何が未済なのか分かりづらいので、未済部分を明確にしてもらえますか？  その上で関連する全意思決定者に展開して明確に合意してもらえればと。（昨日のような個別のMTGでは全体像や温度感がわからないので、テキストでもミーティングでもいいので、全員集めて合意してほしい）,Slack #pj-speeda-ops-and-system
<@U0SBPJ484> 以下の2点について、いつ頃対応できそうか教えてもらえますか？プロセスを意思決定者間で合意してから開発を始めると思うので早く進めたく。 <https://uzabase.slack.com/archives/C063HETKATZ/p1711584767673539?thread_ts=1709261612.437889&amp;cid=C063HETKATZ> <https://uzabase.slack.com/archives/C063HETKATZ/p1712016003301119>,<@U0SBPJ484> 以下の2点について、いつ頃対応できそうか教えてもらえますか？プロセスを意思決定者間で合意してから開発を始めると思うので早く進めたく。 <https://uzabase.slack.com/archives/C063HETKATZ/p1711584767673539?thread_ts=1709261612.437889&amp;cid=C063HETKATZ> <https://uzabase.slack.com/archives/C063HETKATZ/p1712016003301119>,Slack #pj-speeda-ops-and-system
<@U0SBPJ484> こちらの件、結論どうなりましたか？影響が大きいので最終的な整理を知りたいのと、各組織のR&amp;Rにもしっかり入れてもらいたく。,<@U0SBPJ484> こちらの件、結論どうなりましたか？影響が大きいので最終的な整理を知りたいのと、各組織のR&amp;Rにもしっかり入れてもらいたく。,Slack #pj-speeda-ops-and-system
<@U0SBPJ484> 先ほど話していた個社別価格の複雑性について、課題のまとめとかありますか？契約項目やディスカウントの整理の中で、対応すべき課題として取り込みたく。,<@U0SBPJ484> 先ほど話していた個社別価格の複雑性について、課題のまとめとかありますか？契約項目やディスカウントの整理の中で、対応すべき課題として取り込みたく。,Slack #pj-speeda-ops-and-system
<@U029EUZTRGU> Master Salesforceの契約オブジェクトの定義書ってあります？いまデータ上で標準化されている契約項目を把握したく。,<@U029EUZTRGU> Master Salesforceの契約オブジェクトの定義書ってあります？いまデータ上で標準化されている契約項目を把握したく。,Slack #pj-speeda-ops-and-system
<@U0SBPJ484> そういえば昨日話した稟議申請機能についてニュアンスずれないための補足なんですが、「起案者と承認者がそれぞれ一ヶ所だけ参照すればよく、転記が発生しない状態」を実現することができれば、アーキテクチャは任せたいと思います。（なので、Salesforce上ですべて閉じるのがシンプルだとは思いますが、もし承認プロセスを別システムに集約してそのシステムと繋ぎこんだ方が実現しやすいなら、それでもいいと思います）,<@U0SBPJ484> そういえば昨日話した稟議申請機能についてニュアンスずれないための補足なんですが、「起案者と承認者がそれぞれ一ヶ所だけ参照すればよく、転記が発生しない状態」を実現することができれば、アーキテクチャは任せたいと思います。（なので、Salesforce上ですべて閉じるのがシンプルだとは思いますが、もし承認プロセスを別システムに集約してそのシステムと繋ぎこんだ方が実現しやすいなら、それでもいいと思います）,Slack #pj-speeda-ops-and-system
<@U0SBPJ484> こちら確認したんですが、個社別価格のほうは、「複数のディスカウントを加味した共通的なディスカウントロジックの不在」が問題という理解であっていますよね？  要するに 「複数の契約・商談・取引先・グループ会社の情報（既存、新規）」 に対して、 「既存・新規顧客に提供可能な価格テーブル（レンジ含む）」 をロジカルに算出する統合的な数式があれば、問題は解消するという理解。,<@U0SBPJ484> こちら確認したんですが、個社別価格のほうは、「複数のディスカウントを加味した共通的なディスカウントロジックの不在」が問題という理解であっていますよね？  要するに 「複数の契約・商談・取引先・グループ会社の情報（既存、新規）」 に対して、 「既存・新規顧客に提供可能な価格テーブル（レンジ含む）」 をロジカルに算出する統合的な数式があれば、問題は解消するという理解。,Slack #pj-speeda-ops-and-system
<@U0SBPJ484> <@U029EUZTRGU> LEND経営会議での共有内容の共有です。LENDでBig Dealの見込み管理を開始しようとしています。 いったんスプシ上で管理する方針で動いているようなんですが、Salesforce管理することもできると思うので、スピーダSalesforceのFS要件の一つとしていったん検討お願いできますか？作田さんが検討しているものなので話してもらえればと。 <https://docs.google.com/spreadsheets/d/1OP91lMzvGd2x8mBmcliVNkEJ0PTumKGZvIV-AXgxd7Q/edit#gid=1807524415> ※今後いろんな情報が載りそうなシートなので、いったん蒲原さんと武藤さんのみに権限をつけています,<@U0SBPJ484> <@U029EUZTRGU> LEND経営会議での共有内容の共有です。LENDでBig Dealの見込み管理を開始しようとしています。 いったんスプシ上で管理する方針で動いているようなんですが、Salesforce管理することもできると思うので、スピーダSalesforceのFS要件の一つとしていったん検討お願いできますか？作田さんが検討しているものなので話してもらえればと。 <https://docs.google.com/spreadsheets/d/1OP91lMzvGd2x8mBmcliVNkEJ0PTumKGZvIV-AXgxd7Q/edit#gid=1807524415> ※今後いろんな情報が載りそうなシートなので、いったん蒲原さんと武藤さんのみに権限をつけています,Slack #pj-speeda-ops-and-system
<@U0SBPJ484> <@UK0L8S881> <https://uzabase.slack.com/archives/C063HETKATZ/p1711955516504079|こちらの冒頭>で話した課題対応って、いまどのような進捗でしょうか？  福山さんと会話していたら、課題の対応方針と期日感がFP&amp;Aに伝わっていないとのことだったので、もしそうであれば共有お願いしたく。,<@U0SBPJ484> <@UK0L8S881> <https://uzabase.slack.com/archives/C063HETKATZ/p1711955516504079|こちらの冒頭>で話した課題対応って、いまどのような進捗でしょうか？  福山さんと会話していたら、課題の対応方針と期日感がFP&amp;Aに伝わっていないとのことだったので、もしそうであれば共有お願いしたく。,Slack #pj-speeda-ops-and-system
<@U0SBPJ484> <@U029EUZTRGU> <@U030W8E5RMJ> 知っていれば教えてください。法人単位/グループ会社ディスカウント単位での確認を効率化するために、「既存契約の法人/グループ会社単位での契約ID数等をSalesforce上で一覧で確認できる状態」を作れないか検討してるんですが、やろうと思えば可能ですよね？ 個社価格のシステム化までは難しいけど、その手前のID数確認までは対応したほうがよさそうだなと考えてます。,<@U0SBPJ484> <@U029EUZTRGU> <@U030W8E5RMJ> 知っていれば教えてください。法人単位/グループ会社ディスカウント単位での確認を効率化するために、「既存契約の法人/グループ会社単位での契約ID数等をSalesforce上で一覧で確認できる状態」を作れないか検討してるんですが、やろうと思えば可能ですよね？ 個社価格のシステム化までは難しいけど、その手前のID数確認までは対応したほうがよさそうだなと考えてます。,Slack #pj-speeda-ops-and-system
<@U0SBPJ484> <@U029EUZTRGU> 「Salesforce上での稟議機能」について、承認が複雑で機能実装が難しい（承認プロセスは別システムに載せたほうがいい）という話を聞きましたが、具体的に<https://docs.google.com/spreadsheets/d/1cimgnI6wecikD06S4VfyXTLfl3FlyMaSpLLHYocs_vQ/edit#gid=888547748|売り上げ関連細則>のどの部分の実装が難しいか教えてもらえますか？Line by Lineで課題がある項目を教えてもらえるとわかりやすいです。,<@U0SBPJ484> <@U029EUZTRGU> 「Salesforce上での稟議機能」について、承認が複雑で機能実装が難しい（承認プロセスは別システムに載せたほうがいい）という話を聞きましたが、具体的に<https://docs.google.com/spreadsheets/d/1cimgnI6wecikD06S4VfyXTLfl3FlyMaSpLLHYocs_vQ/edit#gid=888547748|売り上げ関連細則>のどの部分の実装が難しいか教えてもらえますか？Line by Lineで課題がある項目を教えてもらえるとわかりやすいです。,Slack #pj-speeda-ops-and-system
"<@U030W8E5RMJ> ちょっと時間切れで確認できなかったんですが、さっき聞いた感じだと、SaaS Salesforceだと商品マスタと単価表をマスタとして持っておいて、契約プランとして括るような構造にしてます？テーブル構成図などあれば共有してもらえると助かります。  以下のイメージです • 商品マスタ = サービス名称（例えば「INITIALライセンス」）をキーにして、属性情報（例えば「月額商品」「自動更新有無」など） • 単価表 = サービス名称x変数（例えば「INITIALライセンスx3ID」）をキーにして、単価（例えば「50,000円」）を定義","<@U030W8E5RMJ> ちょっと時間切れで確認できなかったんですが、さっき聞いた感じだと、SaaS Salesforceだと商品マスタと単価表をマスタとして持っておいて、契約プランとして括るような構造にしてます？テーブル構成図などあれば共有してもらえると助かります。  以下のイメージです • 商品マスタ = サービス名称（例えば「INITIALライセンス」）をキーにして、属性情報（例えば「月額商品」「自動更新有無」など） • 単価表 = サービス名称x変数（例えば「INITIALライセンスx3ID」）をキーにして、単価（例えば「50,000円」）を定義",Slack #pj-speeda-ops-and-system
<@U0SBPJ484> すみませんが本日16時からのステコミ、16時半から30分に変更できませんか？先週ステコミやったばかりなので短縮したく（そして移動時間に充てたい）。,<@U0SBPJ484> すみませんが本日16時からのステコミ、16時半から30分に変更できませんか？先週ステコミやったばかりなので短縮したく（そして移動時間に充てたい）。,Slack #pj-speeda-ops-and-system
<@U0SBPJ484> ステコミの資料について、どこかのブックマークかカレンダーに貼ってもらえますか？見ようと思った時の導線がなくて、かつNotion上で検索しても引っ掛かりづらく。,<@U0SBPJ484> ステコミの資料について、どこかのブックマークかカレンダーに貼ってもらえますか？見ようと思った時の導線がなくて、かつNotion上で検索しても引っ掛かりづらく。,Slack #pj-speeda-ops-and-system
<@U0SBPJ484> <@U029EUZTRGU> Data Cloudの見積書をいただけますか？CRのデータ集約用に使用すると言っていた分の金額が大きいことが課題になっている認識なので明細を見たく。（作田さんいわく従量課金型になっているはずとのことだったので、作田さんにもチェックに入ってもらいたく、頭出ししてます）,<@U0SBPJ484> <@U029EUZTRGU> Data Cloudの見積書をいただけますか？CRのデータ集約用に使用すると言っていた分の金額が大きいことが課題になっている認識なので明細を見たく。（作田さんいわく従量課金型になっているはずとのことだったので、作田さんにもチェックに入ってもらいたく、頭出ししてます）,Slack #pj-speeda-ops-and-system
<@U029EUZTRGU> 移動が間に合わず、2時半のMTGにすこし遅れるかもしれません。先に始めてもらえますか。,<@U029EUZTRGU> 移動が間に合わず、2時半のMTGにすこし遅れるかもしれません。先に始めてもらえますか。,Slack #pj-speeda-ops-and-system
<@U0SBPJ484> <@U029EUZTRGU> <@U01D0PQA64A> <@UF7LFC47M><@U030W8E5RMJ> 先ほど共有したのはこちらの資料です。前提、いずれもまだFixしておらず検討中のものなので、大方針レベルは5月中に決めて、各項目の基本方針を6月中に決める感じで動きます。  • <https://docs.google.com/spreadsheets/d/1Cz7B6hzvA97IzRk8nK8XKaojUHaWR5gdFenRV-a65xo/edit#gid=851975321|ディスカウントの裁量の整理> • <https://www.figma.com/board/EDdzmA8p0mcjizUQ2jv76g/%E4%BE%A1%E6%A0%BC%E4%BD%93%E7%B3%BB%E3%81%AE%E6%A4%9C%E8%A8%8E?node-id=0-1&amp;t=Rg9M5TDApqkGnoI5-0|価格体系の検討> • <https://docs.google.com/spreadsheets/d/1M-U4uEvCEYzwC203nZuCf1bIunjRM69BWfmI2bSei8E/edit#gid=0|契約項目の共通化・個別化の整理>,<@U0SBPJ484> <@U029EUZTRGU> <@U01D0PQA64A> <@UF7LFC47M><@U030W8E5RMJ> 先ほど共有したのはこちらの資料です。前提、いずれもまだFixしておらず検討中のものなので、大方針レベルは5月中に決めて、各項目の基本方針を6月中に決める感じで動きます。  • <https://docs.google.com/spreadsheets/d/1Cz7B6hzvA97IzRk8nK8XKaojUHaWR5gdFenRV-a65xo/edit#gid=851975321|ディスカウントの裁量の整理> • <https://www.figma.com/board/EDdzmA8p0mcjizUQ2jv76g/%E4%BE%A1%E6%A0%BC%E4%BD%93%E7%B3%BB%E3%81%AE%E6%A4%9C%E8%A8%8E?node-id=0-1&amp;t=Rg9M5TDApqkGnoI5-0|価格体系の検討> • <https://docs.google.com/spreadsheets/d/1M-U4uEvCEYzwC203nZuCf1bIunjRM69BWfmI2bSei8E/edit#gid=0|契約項目の共通化・個別化の整理>,Slack #pj-speeda-ops-and-system
<@U0SBPJ484> <@U029EUZTRGU> <@U01D0PQA64A> <@UF7LFC47M><@U030W8E5RMJ> 今日のスピーダ経営会議で、ディスカウントの裁量については先日共有した添付の方針で合意しました。もちろん、具体的に詰めていく中で変更はありえますが。  また、大企業に向けた契約跨ぎのケースがきちんと整理できていないので、今週と来週で竜さん・光岡さん・木部さんと、包括契約などの契約形態整理を進めます。 特に、①取引先が集中購買体制か否か、②取引先に全社IT部門が存在するか否か、③販売しようとしているプロダクトが他部署展開/全社展開を目指すものか否か、あたりを軸に、ユーザベースとしてどのように個社深耕を進めるのかをプレイブックに近い形で定義して、それに沿う形での契約体系を整理する想定です。,<@U0SBPJ484> <@U029EUZTRGU> <@U01D0PQA64A> <@UF7LFC47M><@U030W8E5RMJ> 今日のスピーダ経営会議で、ディスカウントの裁量については先日共有した添付の方針で合意しました。もちろん、具体的に詰めていく中で変更はありえますが。  また、大企業に向けた契約跨ぎのケースがきちんと整理できていないので、今週と来週で竜さん・光岡さん・木部さんと、包括契約などの契約形態整理を進めます。 特に、①取引先が集中購買体制か否か、②取引先に全社IT部門が存在するか否か、③販売しようとしているプロダクトが他部署展開/全社展開を目指すものか否か、あたりを軸に、ユーザベースとしてどのように個社深耕を進めるのかをプレイブックに近い形で定義して、それに沿う形での契約体系を整理する想定です。,Slack #pj-speeda-ops-and-system
<@U029EUZTRGU> 統合取引先マスタにリスクモンスターの与信診断結果って登録されていましたっけ？与信リスク管理の見直しを検討したく、登録されている場合どの項目を見ればいいか教えてもらえますか,<@U029EUZTRGU> 統合取引先マスタにリスクモンスターの与信診断結果って登録されていましたっけ？与信リスク管理の見直しを検討したく、登録されている場合どの項目を見ればいいか教えてもらえますか,Slack #pj-speeda-ops-and-system
<@UFV0JQ5N0> <@UF7LFC47M> たぶんSOで管理していると思うんですが、過去の貸倒実績の一覧（一覧が難しければ年次の合計金額）を共有してもらいたいんですが、可能でしょうか？,<@UFV0JQ5N0> <@UF7LFC47M> たぶんSOで管理していると思うんですが、過去の貸倒実績の一覧（一覧が難しければ年次の合計金額）を共有してもらいたいんですが、可能でしょうか？,Slack #pj-speeda-ops-and-system
メモ: 今日の定例で話すこと ・支払いサイクルの件 ・後払いの件 ・包括契約の件,メモ: 今日の定例で話すこと ・支払いサイクルの件 ・後払いの件 ・包括契約の件,Slack #pj-speeda-ops-and-system
<@UF7LFC47M> <@U029EUZTRGU> 先ほど共有した資料です。 • 支払いサイクル（<https://docs.google.com/spreadsheets/d/1XVB5eVJp1MmT03taXrbEXnWqUsN7M3RukPEgmuFohXw/edit#gid=722031688|シミュレーション>、<https://www.notion.so/uzabase/2024-06-11-3Q-3Q-Operations-_-50e06e492ce3431e8c22e60a7f2d5460|起案>） • 後払い（<https://docs.google.com/spreadsheets/d/1aUKwsAkb3lYToWF7jFBFww-QLdg2gN5YQVNOERL4_Rc/edit#gid=0|シミュレーション>） • 顧客の体制毎の契約体系（<https://www.figma.com/board/ZniWInsCqq0noZa2NpOojN/%E9%A1%A7%E5%AE%A2%E3%81%AE%E4%BD%93%E5%88%B6%E6%AF%8E%E3%81%AE%E6%9C%80%E7%B5%82%E7%9A%84%E3%81%AA%E5%A5%91%E7%B4%84%E4%BD%93%E7%B3%BB%E3%81%A8%E3%81%9D%E3%82%8C%E3%81%AB%E3%82%80%E3%81%91%E3%81%9F%E3%82%A2%E3%83%97%E3%83%AD%E3%83%BC%E3%83%81%E3%81%AE%E6%95%B4%E7%90%86?node-id=0-1&amp;t=hczCO5RsxhF1SnUx-0|ユースケース整理>、<https://docs.google.com/spreadsheets/d/1-8w0LjAV8qdFC-7pUDJUs7vy5UJupIpwaIHEeARh_z4/edit#gid=646090071|契約項目>）,<@UF7LFC47M> <@U029EUZTRGU> 先ほど共有した資料です。 • 支払いサイクル（<https://docs.google.com/spreadsheets/d/1XVB5eVJp1MmT03taXrbEXnWqUsN7M3RukPEgmuFohXw/edit#gid=722031688|シミュレーション>、<https://www.notion.so/uzabase/2024-06-11-3Q-3Q-Operations-_-50e06e492ce3431e8c22e60a7f2d5460|起案>） • 後払い（<https://docs.google.com/spreadsheets/d/1aUKwsAkb3lYToWF7jFBFww-QLdg2gN5YQVNOERL4_Rc/edit#gid=0|シミュレーション>） • 顧客の体制毎の契約体系（<https://www.figma.com/board/ZniWInsCqq0noZa2NpOojN/%E9%A1%A7%E5%AE%A2%E3%81%AE%E4%BD%93%E5%88%B6%E6%AF%8E%E3%81%AE%E6%9C%80%E7%B5%82%E7%9A%84%E3%81%AA%E5%A5%91%E7%B4%84%E4%BD%93%E7%B3%BB%E3%81%A8%E3%81%9D%E3%82%8C%E3%81%AB%E3%82%80%E3%81%91%E3%81%9F%E3%82%A2%E3%83%97%E3%83%AD%E3%83%BC%E3%83%81%E3%81%AE%E6%95%B4%E7%90%86?node-id=0-1&amp;t=hczCO5RsxhF1SnUx-0|ユースケース整理>、<https://docs.google.com/spreadsheets/d/1-8w0LjAV8qdFC-7pUDJUs7vy5UJupIpwaIHEeARh_z4/edit#gid=646090071|契約項目>）,Slack #pj-speeda-ops-and-system
<@U0SBPJ484> Snowflake→Data Cloud→Salesforceのデータ連携について、プロトタイプでもいいので実装できたら一度確認させてもらえますか？今後活用が増えると思うので、挙動を把握しておきたく。,<@U0SBPJ484> Snowflake→Data Cloud→Salesforceのデータ連携について、プロトタイプでもいいので実装できたら一度確認させてもらえますか？今後活用が増えると思うので、挙動を把握しておきたく。,Slack #pj-speeda-ops-and-system
<@U0SBPJ484> 上の話に関連するんですが、9月のSnowflake World Tourで30分登壇することになりました。 せっかくなのでそこでData Cloud連携の話も紹介しようかと思うんですが、システム連携図とかアーキテクチャーイメージって持っていますか？,<@U0SBPJ484> 上の話に関連するんですが、9月のSnowflake World Tourで30分登壇することになりました。 せっかくなのでそこでData Cloud連携の話も紹介しようかと思うんですが、システム連携図とかアーキテクチャーイメージって持っていますか？,Slack #pj-speeda-ops-and-system
<@U0SBPJ484> <@U029EUZTRGU> すみませんが東横線が結構遅れてて、9時からのミーティングの最初10分ほどカメラマイクオフで参加することになりそうです,<@U0SBPJ484> <@U029EUZTRGU> すみませんが東横線が結構遅れてて、9時からのミーティングの最初10分ほどカメラマイクオフで参加することになりそうです,Slack #pj-speeda-ops-and-system
<@U0SBPJ484> <@U029EUZTRGU> <@U030W8E5RMJ> <@UF7LFC47M> 昨日少し触れた基本方針について、アウトプット完了したので共有しますね。今後の予定のとおり、7月中に各所に共有したうえでFBをもらってFixしていこうと思います。  • 大きな論点をスピーダ経営会議で合意できたので、以下にアウトプットした     ◦ <https://www.notion.so/2024-7-0f089fdc00ba4350968520adeb3a3fcf?pvs=21|スピーダ事業として目指す大方針、価格体系の課題、対応方針(2024/7策定)> • 今後の予定     ◦ 【7月上旬】テーマを切り分けて<https://www.figma.com/board/p6s5fLMxSPULnADXTq3MPz/SalesDevelopment%E6%88%A6%E7%95%A5%E3%83%86%E3%83%BC%E3%83%9E?node-id=0-1&amp;t=r0MNxrgTLH9ebmo6-0|戦略テーマ>にアウトプットする     ◦ 【7月中】コーポレートの関係者に資料展開して説明会を実施。FBをもらって微修正する     ◦ 【7月中】スピーダ事業の関係者に資料展開して説明会を実施。FBをもらって微修正する     ◦ 【8月】IT戦略ガバナンス会議やプロダクト開発会議等に起案し、開発スケジュールに入れる,<@U0SBPJ484> <@U029EUZTRGU> <@U030W8E5RMJ> <@UF7LFC47M> 昨日少し触れた基本方針について、アウトプット完了したので共有しますね。今後の予定のとおり、7月中に各所に共有したうえでFBをもらってFixしていこうと思います。  • 大きな論点をスピーダ経営会議で合意できたので、以下にアウトプットした     ◦ <https://www.notion.so/2024-7-0f089fdc00ba4350968520adeb3a3fcf?pvs=21|スピーダ事業として目指す大方針、価格体系の課題、対応方針(2024/7策定)> • 今後の予定     ◦ 【7月上旬】テーマを切り分けて<https://www.figma.com/board/p6s5fLMxSPULnADXTq3MPz/SalesDevelopment%E6%88%A6%E7%95%A5%E3%83%86%E3%83%BC%E3%83%9E?node-id=0-1&amp;t=r0MNxrgTLH9ebmo6-0|戦略テーマ>にアウトプットする     ◦ 【7月中】コーポレートの関係者に資料展開して説明会を実施。FBをもらって微修正する     ◦ 【7月中】スピーダ事業の関係者に資料展開して説明会を実施。FBをもらって微修正する     ◦ 【8月】IT戦略ガバナンス会議やプロダクト開発会議等に起案し、開発スケジュールに入れる,Slack #pj-speeda-ops-and-system
<@U0SBPJ484> <@U029EUZTRGU> <@U030W8E5RMJ> <@U01D0PQA64A> <@UK0L8S881> スピーダ事業としてBig Deal創出や複数プロダクト販売などを広げていくための基本方針の策定を進めています。スピーダ経営会議メンバーとは目線合わせたので、次にセールスシステムPJのコアメンバー向けに展開してFBをもらいたく、来週30分のミーティングを設定させてください。  事前に以下の資料を読んでいただき（これは必須にしたい）、FBがあればDBに記載しておいてもらえると時間が有効に使えるので非常に助かります。記載していることが分かりづらい・分からない、などもFBください。  ■スピーダ事業として目指す大方針、価格体系の課題、対応方針(2024/7策定) <https://www.notion.so/uzabase/2024-7-0f089fdc00ba4350968520adeb3a3fcf> ※時間が無くてToBeのサマリだけ見たい場合にはこちら（<https://www.notion.so/uzabase/2024-7-0f089fdc00ba4350968520adeb3a3fcf#55b2018ac5444c6f85472602ab980454|URL>）  ■FB用のDBはこちら <https://www.notion.so/uzabase/7a4fb97c79e645f9885d64cde7a1ae89?v=305c24e8aef041a78b34224d324826d4>,<@U0SBPJ484> <@U029EUZTRGU> <@U030W8E5RMJ> <@U01D0PQA64A> <@UK0L8S881> スピーダ事業としてBig Deal創出や複数プロダクト販売などを広げていくための基本方針の策定を進めています。スピーダ経営会議メンバーとは目線合わせたので、次にセールスシステムPJのコアメンバー向けに展開してFBをもらいたく、来週30分のミーティングを設定させてください。  事前に以下の資料を読んでいただき（これは必須にしたい）、FBがあればDBに記載しておいてもらえると時間が有効に使えるので非常に助かります。記載していることが分かりづらい・分からない、などもFBください。  ■スピーダ事業として目指す大方針、価格体系の課題、対応方針(2024/7策定) <https://www.notion.so/uzabase/2024-7-0f089fdc00ba4350968520adeb3a3fcf> ※時間が無くてToBeのサマリだけ見たい場合にはこちら（<https://www.notion.so/uzabase/2024-7-0f089fdc00ba4350968520adeb3a3fcf#55b2018ac5444c6f85472602ab980454|URL>）  ■FB用のDBはこちら <https://www.notion.so/uzabase/7a4fb97c79e645f9885d64cde7a1ae89?v=305c24e8aef041a78b34224d324826d4>,Slack #pj-speeda-ops-and-system
<@U029EUZTRGU> <@U01D0PQA64A> <@UK0L8S881> <@U030W8E5RMJ> <@U0SBPJ484> 説明会の参加ありがとうございました。FBへの記載があったものについては、回答を記載したので確認していただければと。他にも質問や提案などあればいつでも記載してください。 <https://www.notion.so/uzabase/7a4fb97c79e645f9885d64cde7a1ae89?v=305c24e8aef041a78b34224d324826d4>,<@U029EUZTRGU> <@U01D0PQA64A> <@UK0L8S881> <@U030W8E5RMJ> <@U0SBPJ484> 説明会の参加ありがとうございました。FBへの記載があったものについては、回答を記載したので確認していただければと。他にも質問や提案などあればいつでも記載してください。 <https://www.notion.so/uzabase/7a4fb97c79e645f9885d64cde7a1ae89?v=305c24e8aef041a78b34224d324826d4>,Slack #pj-speeda-ops-and-system
<@U0SBPJ484> <@U029EUZTRGU> 今日のステコミの資料を確認したんですが、口頭で説明していない箇所が半分くらいありますね。これはステコミメンバー（張替、太田、王）で確認するものでしょうか？それとも、別途ステコミを開催しますか？,<@U0SBPJ484> <@U029EUZTRGU> 今日のステコミの資料を確認したんですが、口頭で説明していない箇所が半分くらいありますね。これはステコミメンバー（張替、太田、王）で確認するものでしょうか？それとも、別途ステコミを開催しますか？,Slack #pj-speeda-ops-and-system
<@U029EUZTRGU> 開発会議への起案要否の確認のためにITSの工数感を教えてもらえますか。「新SPEEDAについて、標準チケットの枚数を5枚のみではなく、10枚、15枚も選択できるようにしたい」という要望をもらっています。仮にこれを実現する場合、ITSの開発工数って5人日以上かかるでしょうか？ ※もちろんスピーダSalesforce環境で実現する前提で大丈夫です,<@U029EUZTRGU> 開発会議への起案要否の確認のためにITSの工数感を教えてもらえますか。「新SPEEDAについて、標準チケットの枚数を5枚のみではなく、10枚、15枚も選択できるようにしたい」という要望をもらっています。仮にこれを実現する場合、ITSの開発工数って5人日以上かかるでしょうか？ ※もちろんスピーダSalesforce環境で実現する前提で大丈夫です,Slack #pj-speeda-ops-and-system
<@U01D0PQA64A> <@U029EUZTRGU> こちら先ほど画面共有してた資料です  独禁法対応 <https://www.notion.so/uzabase/4d5697bb48514bfd8dd97160843861b6?pvs=4|https://www.notion.so/uzabase/4d5697bb48514bfd8dd97160843861b6?pvs=4>  パッケージ体系整理 <https://www.figma.com/file/7bh3t9XEg1Y35BtIMhZii2?type=whiteboard|https://www.figma.com/file/7bh3t9XEg1Y35BtIMhZii2?type=whiteboard>,<@U01D0PQA64A> <@U029EUZTRGU> こちら先ほど画面共有してた資料です  独禁法対応 <https://www.notion.so/uzabase/4d5697bb48514bfd8dd97160843861b6?pvs=4|https://www.notion.so/uzabase/4d5697bb48514bfd8dd97160843861b6?pvs=4>  パッケージ体系整理 <https://www.figma.com/file/7bh3t9XEg1Y35BtIMhZii2?type=whiteboard|https://www.figma.com/file/7bh3t9XEg1Y35BtIMhZii2?type=whiteboard>,Slack #pj-speeda-ops-and-system
<@U01D0PQA64A> ふと思ったんですが、「オプション」のチケット販売を自動更新にすることも可能？ 営業ニーズを満たすためには、それで十分な気がしてきたので。,<@U01D0PQA64A> ふと思ったんですが、「オプション」のチケット販売を自動更新にすることも可能？ 営業ニーズを満たすためには、それで十分な気がしてきたので。,Slack #pj-speeda-ops-and-system
<@U01D0PQA64A> スピーダSalesforceの最新の商品マスタ（LEND向け、もしくはできれば2025/1リリース予定のもの）を共有してもらえますか？標準料金表の見直しを進めているので項目整理の参考にしたく（システム影響はなくて、単純にスプシ上の管理フォーマットを見直しているだけ）。,<@U01D0PQA64A> スピーダSalesforceの最新の商品マスタ（LEND向け、もしくはできれば2025/1リリース予定のもの）を共有してもらえますか？標準料金表の見直しを進めているので項目整理の参考にしたく（システム影響はなくて、単純にスプシ上の管理フォーマットを見直しているだけ）。,Slack #pj-speeda-ops-and-system
<@U029EUZTRGU> <@U0SBPJ484> すみませんが明日のステコミのうち、9:30-9:40だけ、別MTGで抜けます。,<@U029EUZTRGU> <@U0SBPJ484> すみませんが明日のステコミのうち、9:30-9:40だけ、別MTGで抜けます。,Slack #pj-speeda-ops-and-system
<@U01D0PQA64A> たしか今日期日で既存商品をスピーダSalesforceの商品マスタにマッピングすると聞いていたと思うんだけど、完了していたら共有してもらえます？,<@U01D0PQA64A> たしか今日期日で既存商品をスピーダSalesforceの商品マスタにマッピングすると聞いていたと思うんだけど、完了していたら共有してもらえます？,Slack #pj-speeda-ops-and-system
<@UF7LFC47M> ちょっと教えてもらいたいんですが、スピーダSalesforceで「一つの契約に対して複数の利用部署を設定する」「一つの契約に対して複数の請求部署・担当者を設定して、請求明細を切り分けて送付する」って可能かどうかわかりますか？ 対応するかどうかや優先順位はともかく、以前にニーズとして聞いていたので、実現可能性を把握しておきたく。,<@UF7LFC47M> ちょっと教えてもらいたいんですが、スピーダSalesforceで「一つの契約に対して複数の利用部署を設定する」「一つの契約に対して複数の請求部署・担当者を設定して、請求明細を切り分けて送付する」って可能かどうかわかりますか？ 対応するかどうかや優先順位はともかく、以前にニーズとして聞いていたので、実現可能性を把握しておきたく。,Slack #pj-speeda-ops-and-system
<@U01D0PQA64A> これって水曜頃までに共有してもらうこと可能でしょうか？Ops側で木金で作業したく。,<@U01D0PQA64A> これって水曜頃までに共有してもらうこと可能でしょうか？Ops側で木金で作業したく。,Slack #pj-speeda-ops-and-system
<@U0SBPJ484> <@U029EUZTRGU> Data Cloud向けのSnowflakeの開発について、定例って組まれていますか？岡君が回答もらえてなくて進められずに困っているようなんですが、進めるのであれば定例等を組んできちんと進めたほうが良く、もし工数的に難しいのであればUB Analytics側のリソースを別案件に使いたく。,<@U0SBPJ484> <@U029EUZTRGU> Data Cloud向けのSnowflakeの開発について、定例って組まれていますか？岡君が回答もらえてなくて進められずに困っているようなんですが、進めるのであれば定例等を組んできちんと進めたほうが良く、もし工数的に難しいのであればUB Analytics側のリソースを別案件に使いたく。,Slack #pj-speeda-ops-and-system
<@U030W8E5RMJ> こないだ話した複数年ディスカウントや通貨の件ですが、数量別単価マスタに価格登録する構造だと、複数の価格調整の掛け合わせに対応できませんね。例えば複数年ディスカウント x 月次支払い分の値上げ x 後払い分の値上げ、など。,<@U030W8E5RMJ> こないだ話した複数年ディスカウントや通貨の件ですが、数量別単価マスタに価格登録する構造だと、複数の価格調整の掛け合わせに対応できませんね。例えば複数年ディスカウント x 月次支払い分の値上げ x 後払い分の値上げ、など。,Slack #pj-speeda-ops-and-system
<@U0SBPJ484> <@U029EUZTRGU> <@U04LK3VQ1B7> LEND向けのスピーダSalesforceリリース日の変更について、LEND経営会議で共有しました。特に意見等出ていないので、11/2-4リリース想定で進めてもらって大丈夫だと思います。  一方で、他Domainの移行（特にCFCDの移行）が当初スケジュールから遅れるのはやはりかなり事業インパクトが大きそうなので、引き続き対応を検討お願いできればと。,<@U0SBPJ484> <@U029EUZTRGU> <@U04LK3VQ1B7> LEND向けのスピーダSalesforceリリース日の変更について、LEND経営会議で共有しました。特に意見等出ていないので、11/2-4リリース想定で進めてもらって大丈夫だと思います。  一方で、他Domainの移行（特にCFCDの移行）が当初スケジュールから遅れるのはやはりかなり事業インパクトが大きそうなので、引き続き対応を検討お願いできればと。,Slack #pj-speeda-ops-and-system
<@U029EUZTRGU> <@U0SBPJ484> 相談です。年内リリースにリリースしたい新商品が一件だけあるんですが、どこかのタイミングで対応可能でしょうか？（対応可能なウインドウを知りたいので質問している）,<@U029EUZTRGU> <@U0SBPJ484> 相談です。年内リリースにリリースしたい新商品が一件だけあるんですが、どこかのタイミングで対応可能でしょうか？（対応可能なウインドウを知りたいので質問している）,Slack #pj-speeda-ops-and-system
<@U030W8E5RMJ> <@U01D0PQA64A> 上で商品マスタの整理進めてると思いますが、ある程度固まったら共有してもらえますか？  もともと <https://uzabase.enterprise.slack.com/archives/C063HETKATZ/p1724993300312949|ここで8月末期日> でもらえる予定だったかと思うんですが、それがずれ込んでまだもらえていないので、内容確認したく。（スピーダ事業の価格体系の基本方針との一致を確認したい）,<@U030W8E5RMJ> <@U01D0PQA64A> 上で商品マスタの整理進めてると思いますが、ある程度固まったら共有してもらえますか？  もともと <https://uzabase.enterprise.slack.com/archives/C063HETKATZ/p1724993300312949|ここで8月末期日> でもらえる予定だったかと思うんですが、それがずれ込んでまだもらえていないので、内容確認したく。（スピーダ事業の価格体系の基本方針との一致を確認したい）,Slack #pj-speeda-ops-and-system
<@U030W8E5RMJ> マスタのマッピングを見ていて気になったんですが、初期費用って初月に1回請求するだけですが、社内的には契約期間に渡って按分しますよね？その情報ってどこで管理する想定でしょうか？,<@U030W8E5RMJ> マスタのマッピングを見ていて気になったんですが、初期費用って初月に1回請求するだけですが、社内的には契約期間に渡って按分しますよね？その情報ってどこで管理する想定でしょうか？,Slack #pj-speeda-ops-and-system
<@U029EUZTRGU> <@UF7LFC47M> NPの稟議申請・承認機能についてどのようにやっているか（複数の項目に該当する場合の承認フロー設定）、確認した結果ってどうでしたか？,<@U029EUZTRGU> <@UF7LFC47M> NPの稟議申請・承認機能についてどのようにやっているか（複数の項目に該当する場合の承認フロー設定）、確認した結果ってどうでしたか？,Slack #pj-speeda-ops-and-system
<@U029EUZTRGU> 年内案件の記載を少し更新したので共有しますね（赤枠のあたりの設計を追加） <https://www.notion.so/uzabase/2024-12-12d58a336035801d8e36ce0df6243cfd>,<@U029EUZTRGU> 年内案件の記載を少し更新したので共有しますね（赤枠のあたりの設計を追加） <https://www.notion.so/uzabase/2024-12-12d58a336035801d8e36ce0df6243cfd>,Slack #pj-speeda-ops-and-system
<@U030W8E5RMJ> <@U01D0PQA64A> 週末のリリースお疲れ様でした。スピーダSalesforceの提案商品・商品・提案商品明細・数量別単価マスタを共有してもらいたいんですが、可能でしょうか？,<@U030W8E5RMJ> <@U01D0PQA64A> 週末のリリースお疲れ様でした。スピーダSalesforceの提案商品・商品・提案商品明細・数量別単価マスタを共有してもらいたいんですが、可能でしょうか？,Slack #pj-speeda-ops-and-system
<@U029EUZTRGU> 先ほどのSPINERの構成変更案のひとつ「ユーザー数とチケット枚数を完全連動にする」について仮案を作ってみましたが、この形でも大丈夫そうですね。というか、1ユーザーごとのチケット付与枚数が厳密に定義・運用されていれば、新規販売の場合には問題なさそう。 <https://docs.google.com/spreadsheets/d/1mguhPSyRyQ8Sv9P_UlvvVh7szX1aesf0KeGSJ20Ssr0/edit?gid=1156459478#gid=1156459478>  結局、期中変更の場合のチケットMRRの扱いが一番のボトルネックで、チケット料金が切り出されているほうがロジックがかなりシンプルになる、というくらいな気がしています。,<@U029EUZTRGU> 先ほどのSPINERの構成変更案のひとつ「ユーザー数とチケット枚数を完全連動にする」について仮案を作ってみましたが、この形でも大丈夫そうですね。というか、1ユーザーごとのチケット付与枚数が厳密に定義・運用されていれば、新規販売の場合には問題なさそう。 <https://docs.google.com/spreadsheets/d/1mguhPSyRyQ8Sv9P_UlvvVh7szX1aesf0KeGSJ20Ssr0/edit?gid=1156459478#gid=1156459478>  結局、期中変更の場合のチケットMRRの扱いが一番のボトルネックで、チケット料金が切り出されているほうがロジックがかなりシンプルになる、というくらいな気がしています。,Slack #pj-speeda-ops-and-system
<@U0SBPJ484> <@U029EUZTRGU> 販売管理周りのアーキテクチャについて、SP Asiaが残っているSPIN Salesforceと、US EdgeのSalesforceを今後どのようにしていくか、どこかで方針を議論しましょうか。 US Edgeの現環境で解約率が集計できないなど課題があったり、中国・USで経済情報リサーチを販売していきたいという話も出てきているので、来期以降にどのようにしていくのかを決めていく必要が増してきています。,<@U0SBPJ484> <@U029EUZTRGU> 販売管理周りのアーキテクチャについて、SP Asiaが残っているSPIN Salesforceと、US EdgeのSalesforceを今後どのようにしていくか、どこかで方針を議論しましょうか。 US Edgeの現環境で解約率が集計できないなど課題があったり、中国・USで経済情報リサーチを販売していきたいという話も出てきているので、来期以降にどのようにしていくのかを決めていく必要が増してきています。,Slack #pj-speeda-ops-and-system
<@U0SBPJ484> <@U029EUZTRGU> <@U030W8E5RMJ> <@U01D0PQA64A> 先ほどスピーダ経営会議のなかで、林さんから「LEND以外のリリースをもう一段階小さいリリースに区切ることはできないのか？」と質問を受けました。その場で以下を回答しましたが、もし小さくリリースできる可能性があるならそれに越したことはないので、可能性がありそうか、いったん感覚値でいいので教えてもらえますか？ • まず2025/1/1の組織単位でデータ移行されないと、Salesforce環境が複数に跨って効率が落ちるので、新組織単位で移行する • 数週間前までF25の新組織がFixしておらず、データ移行の準備やリハーサルを考えて、「LEND以外の国内組織」を移行対象として進めている ※林さんが今週竹本さんとかしかちゃんと話すタイミングがあると言っていたので、そこでリリースを小さく区切れないかブレストしてもいいかも,<@U0SBPJ484> <@U029EUZTRGU> <@U030W8E5RMJ> <@U01D0PQA64A> 先ほどスピーダ経営会議のなかで、林さんから「LEND以外のリリースをもう一段階小さいリリースに区切ることはできないのか？」と質問を受けました。その場で以下を回答しましたが、もし小さくリリースできる可能性があるならそれに越したことはないので、可能性がありそうか、いったん感覚値でいいので教えてもらえますか？ • まず2025/1/1の組織単位でデータ移行されないと、Salesforce環境が複数に跨って効率が落ちるので、新組織単位で移行する • 数週間前までF25の新組織がFixしておらず、データ移行の準備やリハーサルを考えて、「LEND以外の国内組織」を移行対象として進めている ※林さんが今週竹本さんとかしかちゃんと話すタイミングがあると言っていたので、そこでリリースを小さく区切れないかブレストしてもいいかも,Slack #pj-speeda-ops-and-system
<@U029EUZTRGU> <https://www.notion.so/uzabase/2024-12-12d58a336035801d8e36ce0df6243cfd|年内開発希望案件>について、案件を連携した後にも継続して要件定義を進めています。最終的にどれを対応するのかをいったん期日を決めて仮Fixしたいので、11月末にOpsメンバーを含めたMTGを設定しますね。そこで対応案件を決め切りましょう,<@U029EUZTRGU> <https://www.notion.so/uzabase/2024-12-12d58a336035801d8e36ce0df6243cfd|年内開発希望案件>について、案件を連携した後にも継続して要件定義を進めています。最終的にどれを対応するのかをいったん期日を決めて仮Fixしたいので、11月末にOpsメンバーを含めたMTGを設定しますね。そこで対応案件を決め切りましょう,Slack #pj-speeda-ops-and-system
<@U0SBPJ484> 今日のステコミで話に上がった追加投資について検討してるんですが、「スケールできるセールスシステムPJ」全体の予算計画・実績を共有お願いできますか？特にワンタイムコストについて。  来期対応案件の中に、もともとFY2024に対応を予定していたものがあったと思うので、来期にずれ込んだ分の有利差異があるのかどうかなど把握したく。,<@U0SBPJ484> 今日のステコミで話に上がった追加投資について検討してるんですが、「スケールできるセールスシステムPJ」全体の予算計画・実績を共有お願いできますか？特にワンタイムコストについて。  来期対応案件の中に、もともとFY2024に対応を予定していたものがあったと思うので、来期にずれ込んだ分の有利差異があるのかどうかなど把握したく。,Slack #pj-speeda-ops-and-system
<@U029EUZTRGU> <@UF7LFC47M> ちょっと忘れてしまったんですが、承認プロセスをSalesforceに載せる検討にあたり、「複数の稟議項目に該当するケースでの承認フロー」をNPではどのように対応しているかって、確認終わっていましたっけ？,<@U029EUZTRGU> <@UF7LFC47M> ちょっと忘れてしまったんですが、承認プロセスをSalesforceに載せる検討にあたり、「複数の稟議項目に該当するケースでの承認フロー」をNPではどのように対応しているかって、確認終わっていましたっけ？,Slack #pj-speeda-ops-and-system
<@U7CKZ19BQ> <@UF7LFC47M> <@U01D0PQA64A> <@U030W8E5RMJ> <@U06BSN9CSSC> <@U042FU28SBC> 昨日のITS-SSO-BPMのMTGで「プロダクト・SFに跨る開発案件の進め方」について林さんに進め方を確認しました。 結論、「①必要なプロダクトメンバーを適宜呼んで会話して、②他の案件にも影響するような意思決定が必要であれば林さんを呼んでください」とのことでした。 なので、有料レポートの請求・売上の理想形を検討する際には、プロダクトチームの方を呼んでまとめて議論するようにしましょう。  あと、いがさんから相談しているCSV出力の開発については、林さんから「暫定的なツール開発であり、理想形とは別と認識している」とコメントもらっており、暫定対応として進めればいいかなと思います。,<@U7CKZ19BQ> <@UF7LFC47M> <@U01D0PQA64A> <@U030W8E5RMJ> <@U06BSN9CSSC> <@U042FU28SBC> 昨日のITS-SSO-BPMのMTGで「プロダクト・SFに跨る開発案件の進め方」について林さんに進め方を確認しました。 結論、「①必要なプロダクトメンバーを適宜呼んで会話して、②他の案件にも影響するような意思決定が必要であれば林さんを呼んでください」とのことでした。 なので、有料レポートの請求・売上の理想形を検討する際には、プロダクトチームの方を呼んでまとめて議論するようにしましょう。  あと、いがさんから相談しているCSV出力の開発については、林さんから「暫定的なツール開発であり、理想形とは別と認識している」とコメントもらっており、暫定対応として進めればいいかなと思います。,Slack #pj-speeda-ops-and-system
<@U029EUZTRGU> こちらの「SFDC上での稟議申請」について、11末時点の状況を教えてもらえますか？4Q末時点で承認プロセスの設計完了をマイルストンに置いていると思うんですが、状況がわからず。 <https://www.notion.so/uzabase/SFDC-a66b17683ecc40efaa73f64f5b3cd9b7?pvs=4>,<@U029EUZTRGU> こちらの「SFDC上での稟議申請」について、11末時点の状況を教えてもらえますか？4Q末時点で承認プロセスの設計完了をマイルストンに置いていると思うんですが、状況がわからず。 <https://www.notion.so/uzabase/SFDC-a66b17683ecc40efaa73f64f5b3cd9b7?pvs=4>,Slack #pj-speeda-ops-and-system
<@U029EUZTRGU> <@U03F0T1CMV5> ちょうどいいチャンネルがないのでこのチャネルで質問しますが、去年の2Qに新規にリスク設定された<https://www.notion.so/uzabase/10-18687a60167a4bc18a4fc4dad2d61137?pvs=4|OFAC規制対応（制裁リスト等に記載している先と取引しない）>の対応って、どのようなステータスでしょうか？（そして当時は僕がITSを管掌していたのでこのリスクの担当役員になっていたが、いまは王さんに移管したほうがいいかもしれない <@U04LK3VQ1B7> ）,<@U029EUZTRGU> <@U03F0T1CMV5> ちょうどいいチャンネルがないのでこのチャネルで質問しますが、去年の2Qに新規にリスク設定された<https://www.notion.so/uzabase/10-18687a60167a4bc18a4fc4dad2d61137?pvs=4|OFAC規制対応（制裁リスト等に記載している先と取引しない）>の対応って、どのようなステータスでしょうか？（そして当時は僕がITSを管掌していたのでこのリスクの担当役員になっていたが、いまは王さんに移管したほうがいいかもしれない <@U04LK3VQ1B7> ）,Slack #pj-speeda-ops-and-system
<@U0SBPJ484> <@U029EUZTRGU> <@U057TBZAGNM> <@U04LK3VQ1B7> ( cc: <@UFV0JQ5N0> <@UF7LFC47M>) 今後のSalesforce関連のアーキテクチャーの未来図って策定されてます？あれば共有お願いしたくて、なければ検討開始したく（以前にいくつか最終系のドラフトは下と思いますが、どこまで正式に進めてるかわからず）。  背景として、スピーダコンサルの商談管理のシステム化に向けて、Opsで先行して業務設計を進めようと思います。ただ、いま受注管理をNP Salesforceで行っているため、どのSalesforceでどの商談管理を載せるかで業務要件・業務フローが大きく変わるはず。手戻りを避けるために、アーキテクチャの具体的な方向性をシェアお願いしたく。,<@U0SBPJ484> <@U029EUZTRGU> <@U057TBZAGNM> <@U04LK3VQ1B7> ( cc: <@UFV0JQ5N0> <@UF7LFC47M>) 今後のSalesforce関連のアーキテクチャーの未来図って策定されてます？あれば共有お願いしたくて、なければ検討開始したく（以前にいくつか最終系のドラフトは下と思いますが、どこまで正式に進めてるかわからず）。  背景として、スピーダコンサルの商談管理のシステム化に向けて、Opsで先行して業務設計を進めようと思います。ただ、いま受注管理をNP Salesforceで行っているため、どのSalesforceでどの商談管理を載せるかで業務要件・業務フローが大きく変わるはず。手戻りを避けるために、アーキテクチャの具体的な方向性をシェアお願いしたく。,Slack #pj-speeda-ops-and-system
<@U029EUZTRGU> こちらのAgentforceの試用ライセンスのDocusign送付先って、どこにすればいいでしょうか？Ops予算から計上予定です。 <https://uzabase.slack.com/archives/C03AF1S6RRP/p1742790804488039?thread_ts=1740991103.304589&amp;cid=C03AF1S6RRP>,<@U029EUZTRGU> こちらのAgentforceの試用ライセンスのDocusign送付先って、どこにすればいいでしょうか？Ops予算から計上予定です。 <https://uzabase.slack.com/archives/C03AF1S6RRP/p1742790804488039?thread_ts=1740991103.304589&amp;cid=C03AF1S6RRP>,Slack #pj-speeda-ops-and-system
<@U030W8E5RMJ> 販売プランの見直しに合わせてFP&amp;A・経理の業務改善を検討したく、売上計上レコード（Netsuite等に取り込むためにSalesforceから出力しているデータ）を確認したいんですが、どこかに3月実績データを置いてもらえませんか？,<@U030W8E5RMJ> 販売プランの見直しに合わせてFP&amp;A・経理の業務改善を検討したく、売上計上レコード（Netsuite等に取り込むためにSalesforceから出力しているデータ）を確認したいんですが、どこかに3月実績データを置いてもらえませんか？,Slack #pj-speeda-ops-and-system
